{
  "default": {
    "position": [
      0.026639061397424838,
      2.0326756418240737,
      1.3066927471894267
    ],
    "target": [
      -0.055740328333750616,
      0.24229156121520856,
      -2.2693020067286866
    ]
  },
  "lobby": {
    "position": [
      0.09948296382553459,
      1.5745831770745904,
      1.1959566495519525
    ],
    "target": [
      2.1541600805781735,
      0.9381105394109409,
      -2.176461552183791
    ]
  },
  "appearance": {
    "position": [
      0.3151825656435315,
      1.8571381572269514,
      2.496811598217076
    ],
    "target": [
      0.5456859116801989,
      1.1347386344238877,
      -1.4306566877045057
    ]
  },
  "appearanceShot": {
    "position": [
      2.3823071877763606,
      1.6667975859541315,
      4.112523943167954
    ],
    "target": [
      0.5394854878469886,
      1.1698137162212112,
      0.5972692986941412
    ]
  },
  "appearanceRespawn": {
    "position": [
      1.2,
      4.6,
      6.8
    ],
    "target": [
      0.5,
      1.2,
      0
    ]
  },
  "lobbyClient": {
    "position": [
      -0.28764503296012495,
      1.680147179461507,
      -1.3257883924175855
    ],
    "target": [
      2.045269922807293,
      1.1854318652875673,
      1.8855609450227508
    ]
  }
}