{
  "default": {
    "position": [
      0.026639061397424838,
      2.0326756418240737,
      1.3066927471894267
    ],
    "target": [
      -0.05574032833375063,
      0.24229156121520834,
      -2.2693020067286866
    ]
  },
  "room": {
    "position": [
      0.09948296382553459,
      1.5745831770745904,
      1.1959566495519525
    ],
    "target": [
      2.1541600805781735,
      0.9381105394109409,
      -2.176461552183791
    ]
  },
  "appearance": {
    "position": [
      -2.439607341471728,
      1.8761123873047452,
      2.5498995085508986
    ],
    "target": [
      0.8057578258264955,
      1.444966312882722,
      0.2517006500101804
    ]
  },
  "appearanceShot": {
    "position": [
      -0.35594171986703316,
      1.1963412766788066,
      6.644175584601369
    ],
    "target": [
      -0.31613799545455845,
      1.2612669291290508,
      2.6449006099119807
    ]
  },
  "appearanceRespawn": {
    "position": [
      1.199999999999988,
      4.599999999999974,
      6.799999999999997
    ],
    "target": [
      1.4993177484024296,
      2.8762092776989117,
      3.2029241832844146
    ]
  },
  "roomClient": {
    "position": [
      -0.28764503296012495,
      1.680147179461507,
      -1.3257883924175855
    ],
    "target": [
      2.045269922807293,
      1.1854318652875673,
      1.8855609450227508
    ]
  },
  "appearanceDash": {
    "position": [
      -0.583148209467358,
      2.219080073457412,
      4.289616275408781
    ],
    "target": [
      1.505459368140175,
      1.6989716135551822,
      0.9180876048057076
    ]
  },
  "appearanceShield": {
    "position": [
      0.3151825656435315,
      1.8571381572269514,
      2.496811598217076
    ],
    "target": [
      0.5456859116801989,
      1.1347386344238877,
      -1.4306566877045057
    ]
  },
  "appearancePaintFront": {
    "position": [
      0.019681144191447397,
      1.4170725445444703,
      1.568764940124116
    ],
    "target": [
      0.7324172960820383,
      1.3146837289886364,
      -2.3658918057988716
    ]
  },
  "appearancePaintBack": {
    "position": [
      -0.034977020681478,
      1.4368644786168099,
      -1.498481230839634
    ],
    "target": [
      -0.6466506393407195,
      1.3088863228316878,
      2.4524018319550813
    ]
  },
  "lobby4": {
    "position": [
      -0.2449637199279598,
      2.660355535706408,
      2.491439156134473
    ],
    "target": [
      1.2787016938056603,
      1.25069500505148,
      -0.9278152794560728
    ]
  }
}
